dataset	level	iteration	method	parameters               	observed_taxonomy	expected_taxonomy	result	mismatch_level               	Precision	Recall	F-measure
F1-REF	4	2	sortmerna	0.76:0.8:1:0.9:1.0	Unassigned	k__Fungi;p__Ascomycota;c__Lecanoromycetes;o__Peltigerales;f__Pannariaceae	underclassification	0	0.0	0.0	0.0
F1-REF	4	2	sortmerna	0.76:0.8:1:0.9:1.0	k__Fungi;p__Basidiomycota;c__Agaricomycetes;o__Thelephorales;f__Thelephoraceae;g__Tomentella;s__Tomentella_sp	k__Fungi;p__Basidiomycota;c__Agaricomycetes;o__Thelephorales;f__Bankeraceae	overclassification	4	0.0	0.0	0.0
F1-REF	4	2	sortmerna	0.76:0.8:1:0.9:1.0	k__Fungi;p__Ascomycota;c__Leotiomycetes;o__Helotiales;f__Helotiaceae;g__Rhizoscyphus;s__Rhizoscyphus_sp	k__Fungi;p__Ascomycota;c__Leotiomycetes;o__Helotiales;f__Helotiales_fam_Incertae_sedis	overclassification	4	0.0	0.0	0.0
F1-REF	4	2	sortmerna	0.76:0.8:1:0.9:1.0	k__Fungi;p__Ascomycota;c__Sordariomycetes;o__Xylariales;f__Xylariales_fam_Incertae_sedis;g__Monographella;s__Monographella_cucumerina	k__Fungi;p__Ascomycota;c__Sordariomycetes;o__Hypocreomycetidae_ord_Incertae_sedis;f__Plectosphaerellaceae	misclassification	3	0.0	0.0	0.0
F1-REF	4	2	sortmerna	0.76:0.8:1:0.9:1.0	k__Fungi;p__Glomeromycota;c__Glomeromycetes;o__Glomerales;f__Claroideoglomeraceae;g__Claroideoglomus;s__Claroideoglomus_sp	k__Fungi;p__Glomeromycota;c__Glomeromycetes;o__Diversisporales;f__Diversisporaceae	misclassification	3	0.0	0.0	0.0
F1-REF	4	2	sortmerna	0.76:0.8:1:0.9:1.0	Unassigned	k__Fungi;p__Basidiomycota;c__Agaricomycetes;o__Russulales;f__Hericiaceae	underclassification	0	0.0	0.0	0.0
F1-REF	4	2	sortmerna	0.76:0.8:1:0.9:1.0	k__Fungi;p__Basidiomycota;c__Agaricomycetes;o__Agaricales;f__Lyophyllaceae;g__Tephrocybe;s__Tephrocybe_mephitica	k__Fungi;p__Basidiomycota;c__Agaricomycetes;o__Agaricales;f__Pluteaceae	overclassification	4	0.0	0.0	0.0
F1-REF	4	2	sortmerna	0.76:0.8:1:0.9:1.0	k__Fungi;p__Ascomycota;c__Sordariomycetes;o__Xylariales;f__Xylariales_fam_Incertae_sedis;g__Microdochium;s__Microdochium_sp	k__Fungi;p__Ascomycota;c__Sordariomycetes;o__Microascales;f__Ceratocystidaceae	misclassification	3	0.0	0.0	0.0
F1-REF	4	2	sortmerna	0.76:0.8:1:0.9:1.0	k__Fungi;p__Ascomycota;c__Leotiomycetes;o__Rhytismatales;f__Rhytismataceae;g__Coccomyces;s__Coccomyces_dentatus	k__Fungi;p__Ascomycota;c__Saccharomycetes;o__Saccharomycetales;f__Saccharomycetaceae	misclassification	2	0.0	0.0	0.0
F1-REF	4	2	sortmerna	0.76:0.8:1:0.9:1.0	k__Fungi;p__Basidiomycota;c__Agaricomycetes;o__Agaricales;f__Mycenaceae;g__Mycena;s__Mycena_sp	k__Fungi;p__Basidiomycota;c__Agaricomycetes;o__Hymenochaetales;f__Hymenochaetaceae	misclassification	3	0.0	0.0	0.0
F1-REF	4	2	sortmerna	0.76:0.8:1:0.9:1.0	k__Fungi;p__Basidiomycota;c__Agaricomycetes;o__Polyporales;f__Polyporaceae;g__Perenniporia;s__Perenniporia_nanlingensis	k__Fungi;p__Basidiomycota;c__Agaricomycetes;o__Polyporales;f__Ganodermataceae	overclassification	4	0.0	0.0	0.0
F1-REF	4	2	sortmerna	0.76:0.8:1:0.9:1.0	Unassigned	k__Fungi;p__Ascomycota;c__Pezizomycetes;o__Pezizales;f__Helvellaceae	underclassification	0	0.0	0.0	0.0
F1-REF	4	2	sortmerna	0.76:0.8:1:0.9:1.0	k__Fungi;p__Basidiomycota;c__Agaricomycetes;o__Agaricales;f__Bolbitiaceae;g__Conocybe;s__Conocybe_fuscimarginata	k__Fungi;p__Basidiomycota;c__Agaricomycetes;o__Agaricales;f__Psathyrellaceae	overclassification	4	0.0	0.0	0.0
F1-REF	4	2	sortmerna	0.76:0.8:1:0.9:1.0	k__Fungi;p__Glomeromycota;c__Glomeromycetes;o__Glomerales;f__Claroideoglomeraceae;g__Claroideoglomus;s__Claroideoglomus_sp	k__Fungi;p__Glomeromycota;c__Glomeromycetes;o__Glomerales;f__Glomeraceae	overclassification	4	0.0	0.0	0.0
F1-REF	4	2	sortmerna	0.76:0.8:1:0.9:1.0	Unassigned	k__Fungi;p__Basidiomycota;c__Pucciniomycetes;o__Pucciniales;f__Phakopsoraceae	underclassification	0	0.0	0.0	0.0
F1-REF	4	2	sortmerna	0.76:0.8:1:0.9:1.0	Unassigned	k__Fungi;p__Basidiomycota;c__Microbotryomycetes;o__Sporidiobolales;f__Sporidiobolales_fam_Incertae_sedis	underclassification	0	0.0	0.0	0.0
F1-REF	4	2	sortmerna	0.76:0.8:1:0.9:1.0	k__Fungi;p__Ascomycota;c__Lecanoromycetes;o__Lecanorales;f__Parmeliaceae;g__Austroparmelina;s__Austroparmelina_norpruinata	k__Fungi;p__Ascomycota;c__Lecanoromycetes;o__Lecanorales;f__Megalariaceae	overclassification	4	0.0	0.0	0.0
F1-REF	4	2	sortmerna	0.76:0.8:1:0.9:1.0	k__Fungi;p__Ascomycota;c__Eurotiomycetes;o__Eurotiales;f__Trichocomaceae;g__Penicillium;s__Penicillium_sp	k__Fungi;p__Ascomycota;c__Dothideomycetes;o__Capnodiales;f__Davidiellaceae	misclassification	2	0.0	0.0	0.0
F1-REF	4	2	sortmerna	0.76:0.8:1:0.9:1.0	k__Fungi;p__Basidiomycota;c__Agaricomycetes;o__Cantharellales;f__Ceratobasidiaceae;g__Thanatephorus;s__Thanatephorus_cucumeris	k__Fungi;p__Ascomycota;c__Pezizomycetes;o__Pezizales;f__Pezizaceae	misclassification	1	0.0	0.0	0.0
F1-REF	4	2	sortmerna	0.76:0.8:1:0.9:1.0	k__Fungi;p__Basidiomycota;c__Agaricomycetes;o__Boletales;f__Rhizopogonaceae;g__Rhizopogon;s__Rhizopogon_sp	k__Fungi;p__Basidiomycota;c__Agaricomycetes;o__Boletales;f__Suillaceae	overclassification	4	0.0	0.0	0.0
F1-REF	4	2	sortmerna	0.76:0.8:1:0.9:1.0	Unassigned	k__Fungi;p__Ascomycota;c__Sordariomycetes;o__Sordariales;f__Chaetomiaceae	underclassification	0	0.0	0.0	0.0
F1-REF	4	2	sortmerna	0.76:0.8:1:0.9:1.0	Unassigned	k__Fungi;p__Basidiomycota;c__Agaricomycetes;o__Agaricales;f__Cortinariaceae	underclassification	0	0.0	0.0	0.0
F1-REF	4	2	sortmerna	0.76:0.8:1:0.9:1.0	Unassigned	k__Fungi;p__Ascomycota;c__Pezizomycetes;o__Pezizales;f__Pyronemataceae	underclassification	0	0.0	0.0	0.0
F1-REF	4	2	sortmerna	0.76:0.8:1:0.9:1.0	k__Fungi;p__Basidiomycota;c__Agaricomycetes;o__Agaricales;f__Lyophyllaceae;g__Termitomyces;s__Termitomyces_sp	k__Fungi;p__Basidiomycota;c__Agaricomycetes;o__Agaricales;f__Strophariaceae	overclassification	4	0.0	0.0	0.0
F1-REF	4	2	sortmerna	0.76:0.8:1:0.9:1.0	k__Fungi;p__Basidiomycota;c__Agaricomycetes;o__Gomphales;f__Clavariadelphaceae;g__Clavariadelphus;s__Clavariadelphus_occidentalis	k__Fungi;p__Basidiomycota;c__Agaricomycetes;o__Agaricales;f__Pleurotaceae	misclassification	3	0.0	0.0	0.0
F1-REF	4	2	sortmerna	0.76:0.8:1:0.9:1.0	k__Fungi;p__Zygomycota;c__Mucoromycotina_cls_Incertae_sedis;o__Mucorales;f__Mucoraceae;g__Mucor;s__Mucor_parviseptatus	k__Fungi;p__Zygomycota;c__Mucoromycotina_cls_Incertae_sedis;o__Mucorales;f__Choanephoraceae	overclassification	4	0.0	0.0	0.0
F1-REF	4	2	sortmerna	0.76:0.8:1:0.9:1.0	k__Fungi;p__Ascomycota;c__Archaeorhizomycetes;o__Archaeorhizomycetales;f__Archaeorhizomycetaceae;g__Archaeorhizomyces;s__Archaeorhizomyces_sp	k__Fungi;p__Basidiomycota;c__Agaricostilbomycetes;o__Agaricostilbales;f__Agaricostilbaceae	misclassification	1	0.0	0.0	0.0
F1-REF	4	2	sortmerna	0.76:0.8:1:0.9:1.0	k__Fungi;p__Ascomycota;c__Sordariomycetes;o__Diaporthales;f__Diaporthales_fam_Incertae_sedis;g__Ophiognomonia;s__Ophiognomonia_monticola	k__Fungi;p__Ascomycota;c__Sordariomycetes;o__Hypocreales;f__Clavicipitaceae	misclassification	3	0.0	0.0	0.0
F1-REF	4	2	sortmerna	0.76:0.8:1:0.9:1.0	k__Fungi;p__Zygomycota;c__Mucoromycotina_cls_Incertae_sedis;o__Mucorales;f__Mucoraceae;g__Mucor;s__Mucor_indicus	k__Fungi;p__Zygomycota;c__Mucoromycotina_cls_Incertae_sedis;o__Mucorales;f__Rhizopodaceae	overclassification	4	0.0	0.0	0.0
F1-REF	4	2	sortmerna	0.76:0.8:1:0.9:1.0	k__Fungi;p__Basidiomycota;c__Ustilaginomycetes;o__Ustilaginales;f__Ustilaginaceae;g__Sporisorium;s__Sporisorium_scitamineum	k__Fungi;p__Basidiomycota;c__Ustilaginomycetes;o__Ustilaginales;f__Ustilaginales_fam_Incertae_sedis	overclassification	4	0.0	0.0	0.0
F1-REF	4	2	sortmerna	0.76:0.8:1:0.9:1.0	Unassigned	k__Fungi;p__Basidiomycota;c__Agaricomycetes;o__Agaricales;f__Agaricales_fam_Incertae_sedis	underclassification	0	0.0	0.0	0.0
F1-REF	4	2	sortmerna	0.76:0.8:1:0.9:1.0	Unassigned	k__Fungi;p__Basidiomycota;c__Agaricomycetes;o__Cantharellales;f__Hydnaceae	underclassification	0	0.0	0.0	0.0
F1-REF	4	2	sortmerna	0.76:0.8:1:0.9:1.0	k__Fungi;p__Basidiomycota;c__Agaricomycetes;o__Gomphales;f__Gomphaceae;g__Ramaria;s__Ramaria_pinicola	k__Fungi;p__Basidiomycota;c__Agaricomycetes;o__Gomphales;f__Lentariaceae	overclassification	4	0.0	0.0	0.0
F1-REF	4	2	sortmerna	0.76:0.8:1:0.9:1.0	k__Fungi;p__Basidiomycota;c__Agaricomycetes;o__Agaricales;f__Tricholomataceae;g__Fayodia;s__Fayodia_gracilipes	k__Fungi;p__Basidiomycota;c__Agaricomycetes;o__Agaricales;f__Hydnangiaceae	overclassification	4	0.0	0.0	0.0
F1-REF	4	2	sortmerna	0.76:0.8:1:0.9:1.0	k__Fungi;p__Basidiomycota;c__Tremellomycetes;o__Cystofilobasidiales;f__Cystofilobasidiaceae;g__Mrakia;s__Mrakia_cryoconiti	k__Fungi;p__Basidiomycota;c__Agaricomycetes;o__Cantharellales;f__Botryobasidiaceae	misclassification	2	0.0	0.0	0.0
F1-REF	4	2	sortmerna	0.76:0.8:1:0.9:1.0	k__Fungi;p__Basidiomycota;c__Exobasidiomycetes;o__Microstromatales;f__Microstromataceae;g__Microstroma;s__Microstroma_juglandis	k__Fungi;p__Basidiomycota;c__Exobasidiomycetes;o__Microstromatales;f__Quambalariaceae	overclassification	4	0.0	0.0	0.0
F1-REF	4	2	sortmerna	0.76:0.8:1:0.9:1.0	Unassigned	k__Fungi;p__Basidiomycota;c__Agaricomycetes;o__Sebacinales;f__Sebacinaceae	underclassification	0	0.0	0.0	0.0
F1-REF	4	2	sortmerna	0.76:0.8:1:0.9:1.0	Unassigned	k__Fungi;p__Basidiomycota;c__Agaricomycetes;o__Cantharellales;f__Clavulinaceae	underclassification	0	0.0	0.0	0.0
F1-REF	4	2	sortmerna	0.76:0.8:1:0.9:1.0	k__Fungi;p__Ascomycota;c__Sordariomycetes;o__Magnaporthales;f__Magnaporthaceae;g__Mycoleptodiscus;s__Mycoleptodiscus_sp	k__Fungi;p__Ascomycota;c__Eurotiomycetes;o__Onygenales;f__Arthrodermataceae	misclassification	2	0.0	0.0	0.0
F1-REF	4	2	sortmerna	0.76:0.8:1:0.9:1.0	Unassigned	k__Fungi;p__Ascomycota;c__Dothideomycetes;o__Pleosporales;f__Massarinaceae	underclassification	0	0.0	0.0	0.0
F1-REF	4	2	sortmerna	0.76:0.8:1:0.9:1.0	k__Fungi;p__Ascomycota;c__Leotiomycetes;o__Leotiales;f__Leotiaceae;g__Pezoloma;s__Pezoloma_ericae	k__Fungi;p__Ascomycota;c__Leotiomycetes;o__Leotiomycetes_ord_Incertae_sedis;f__Leotiomycetes_fam_Incertae_sedis	misclassification	3	0.0	0.0	0.0
F1-REF	4	2	sortmerna	0.76:0.8:1:0.9:1.0	k__Fungi;p__Ascomycota;c__Leotiomycetes;o__Rhytismatales;f__Rhytismataceae;g__Lophodermium;s__Lophodermium_pini-excelsae	k__Fungi;p__Ascomycota;c__Lecanoromycetes;o__Teloschistales;f__Megalosporaceae	misclassification	2	0.0	0.0	0.0
F1-REF	4	2	sortmerna	0.76:0.8:1:0.9:1.0	Unassigned	k__Fungi;p__Ascomycota;c__Dothideomycetes;o__Botryosphaeriales;f__Botryosphaeriaceae	underclassification	0	0.0	0.0	0.0
F1-REF	4	2	sortmerna	0.76:0.8:1:0.9:1.0	Unassigned	k__Fungi;p__Basidiomycota;c__Agaricomycetes;o__Boletales;f__Gomphidiaceae	underclassification	0	0.0	0.0	0.0
F1-REF	4	2	sortmerna	0.76:0.8:1:0.9:1.0	k__Fungi;p__Ascomycota;c__Eurotiomycetes;o__Onygenales;f__Onygenaceae;g__Chrysosporium;s__Chrysosporium_pseudomerdarium	k__Fungi;p__Ascomycota;c__Leotiomycetes;o__Helotiales;f__Hyaloscyphaceae	misclassification	2	0.0	0.0	0.0
F1-REF	4	2	sortmerna	0.76:0.8:1:0.9:1.0	Unassigned	k__Fungi;p__Basidiomycota;c__Agaricomycetes;o__Agaricales;f__Typhulaceae	underclassification	0	0.0	0.0	0.0
F1-REF	4	2	sortmerna	0.76:0.8:1:0.9:1.0	Unassigned	k__Fungi;p__Ascomycota;c__Lecanoromycetes;o__Rhizocarpales;f__Catillariaceae	underclassification	0	0.0	0.0	0.0
F1-REF	4	2	sortmerna	0.76:0.8:1:0.9:1.0	k__Fungi;p__Ascomycota;c__Pezizomycotina_cls_Incertae_sedis;o__Pezizomycotina_ord_Incertae_sedis;f__Pezizomycotina_fam_Incertae_sedis;g__Polyscytalum;s__Polyscytalum_sp	k__Fungi;p__Ascomycota;c__Sordariomycetes;o__Xylariales;f__Amphisphaeriaceae	misclassification	2	0.0	0.0	0.0
F1-REF	4	2	sortmerna	0.76:0.8:1:0.9:1.0	Unassigned	k__Fungi;p__Ascomycota;c__Dothideomycetes;o__Pleosporales;f__Sporormiaceae	underclassification	0	0.0	0.0	0.0
F1-REF	4	2	sortmerna	0.76:0.8:1:0.9:1.0	k__Fungi;p__Basidiomycota;c__Agaricomycetes;o__Agaricales;f__Marasmiaceae;g__Clitocybula;s__Clitocybula_sp	k__Fungi;p__Basidiomycota;c__Agaricomycetes;o__Agaricales;f__Porotheleaceae	overclassification	4	0.0	0.0	0.0
F1-REF	4	2	sortmerna	0.76:0.8:1:0.9:1.0	Unassigned	k__Fungi;p__Ascomycota;c__Leotiomycetes;o__Helotiales;f__Dermateaceae	underclassification	0	0.0	0.0	0.0
F1-REF	4	2	sortmerna	0.76:0.8:1:0.9:1.0	k__Fungi;p__Ascomycota;c__Dothideomycetes;o__Capnodiales;f__Teratosphaeriaceae;g__Teratosphaeria;s__Teratosphaeria_sp	k__Fungi;p__Ascomycota;c__Dothideomycetes;o__Capnodiales;f__Capnodiales_fam_Incertae_sedis	overclassification	4	0.0	0.0	0.0
F1-REF	4	2	sortmerna	0.76:0.8:1:0.9:1.0	k__Fungi;p__Basidiomycota;c__Agaricomycetes;o__Agaricales;f__Hygrophoraceae;g__Hygrocybe;s__Hygrocybe_sp	k__Fungi;p__Zygomycota;c__Mucoromycotina_cls_Incertae_sedis;o__Mucorales;f__Umbelopsidaceae	misclassification	1	0.0	0.0	0.0
F1-REF	4	2	sortmerna	0.76:0.8:1:0.9:1.0	Unassigned	k__Fungi;p__Ascomycota;c__Sordariomycetes;o__Sordariomycetidae_ord_Incertae_sedis;f__Glomerellaceae	underclassification	0	0.0	0.0	0.0
F1-REF	4	2	sortmerna	0.76:0.8:1:0.9:1.0	k__Fungi;p__Basidiomycota;c__Agaricomycetes;o__Polyporales;f__Fomitopsidaceae;g__Laetiporus;s__Laetiporus_sulphureus	k__Fungi;p__Basidiomycota;c__Agaricomycetes;o__Russulales;f__Lachnocladiaceae	misclassification	3	0.0	0.0	0.0
F1-REF	4	2	sortmerna	0.76:0.8:1:0.9:1.0	k__Fungi;p__Ascomycota;c__Saccharomycetes;o__Saccharomycetales;f__Saccharomycetales_fam_Incertae_sedis;g__Schwanniomyces;s__Schwanniomyces_yamadae	k__Fungi;p__Ascomycota;c__Saccharomycetes;o__Saccharomycetales;f__Debaryomycetaceae	overclassification	4	0.0	0.0	0.0
F1-REF	4	2	sortmerna	0.76:0.8:1:0.9:1.0	k__Fungi;p__Basidiomycota;c__Agaricomycetes;o__Agaricales;f__Agaricaceae;g__Cystolepiota;s__Cystolepiota_sp	k__Fungi;p__Basidiomycota;c__Agaricomycetes;o__Agaricales;f__Phelloriniaceae	overclassification	4	0.0	0.0	0.0
F1-REF	4	2	sortmerna	0.76:0.8:1:0.9:1.0	k__Fungi;p__Ascomycota;c__Ascomycota_cls_Incertae_sedis;o__Ascomycota_ord_Incertae_sedis;f__Ascomycota_fam_Incertae_sedis;g__Luteocirrhus;s__Luteocirrhus_shearii	k__Fungi;p__Ascomycota;c__Sordariomycetes;o__Diaporthales;f__Cryphonectriaceae	misclassification	2	0.0	0.0	0.0
F1-REF	4	2	sortmerna	0.76:0.8:1:0.9:1.0	k__Fungi;p__Basidiomycota;c__Pucciniomycetes;o__Pucciniales;f__Pucciniaceae;g__Puccorchidium;s__Puccorchidium_popowiae	k__Fungi;p__Zygomycota;c__Mucoromycotina_cls_Incertae_sedis;o__Mucorales;f__Syncephalastraceae	misclassification	1	0.0	0.0	0.0
F1-REF	4	2	sortmerna	0.76:0.8:1:0.9:1.0	Unassigned	k__Fungi;p__Basidiomycota;c__Ustilaginomycetes;o__Urocystidales;f__Glomosporiaceae	underclassification	0	0.0	0.0	0.0
F1-REF	4	2	sortmerna	0.76:0.8:1:0.9:1.0	Unassigned	k__Fungi;p__Basidiomycota;c__Agaricomycetes;o__Polyporales;f__Lepidostromataceae	underclassification	0	0.0	0.0	0.0
F1-REF	4	2	sortmerna	0.76:0.8:1:0.9:1.0	k__Fungi;p__Ascomycota;c__Saccharomycetes;o__Saccharomycetales;f__Saccharomycetales_fam_Incertae_sedis;g__Starmerella;s__Starmerella_bombicola	k__Fungi;p__Ascomycota;c__Saccharomycetes;o__Saccharomycetales;f__Trichomonascaceae	overclassification	4	0.0	0.0	0.0
F1-REF	4	2	sortmerna	0.76:0.8:1:0.9:1.0	k__Fungi;p__Ascomycota;c__Sordariomycetes;o__Xylariales;f__Xylariaceae;g__Biscogniauxia;s__Biscogniauxia_bartholomaei	k__Fungi;p__Ascomycota;c__Sordariomycetes;o__Xylariales;f__Graphostromataceae	overclassification	4	0.0	0.0	0.0
F1-REF	4	2	sortmerna	0.76:0.8:1:0.9:1.0	Unassigned	k__Fungi;p__Ascomycota;c__Lecanoromycetes;o__Lecanorales;f__Lecanorales_fam_Incertae_sedis	underclassification	0	0.0	0.0	0.0
F1-REF	4	2	sortmerna	0.76:0.8:1:0.9:1.0	k__Fungi;p__Ascomycota;c__Sordariomycetes;o__Sordariales;f__Lasiosphaeriaceae;g__Podospora;s__Podospora_fabiformis	k__Fungi;p__Ascomycota;c__Eurotiomycetes;o__Onygenales;f__Onygenales_fam_Incertae_sedis	misclassification	2	0.0	0.0	0.0
F1-REF	4	2	sortmerna	0.76:0.8:1:0.9:1.0	k__Fungi;p__Ascomycota;c__Leotiomycetes;o__Rhytismatales;f__Rhytismataceae;g__Lophodermium;s__Lophodermium_pini-excelsae	k__Fungi;p__Ascomycota;c__Leotiomycetes;o__Rhytismatales;f__Cudoniaceae	overclassification	4	0.0	0.0	0.0
F1-REF	4	2	sortmerna	0.76:0.8:1:0.9:1.0	Unassigned	k__Fungi;p__Ascomycota;c__Lecanoromycetes;o__Lecanorales;f__Cladoniaceae	underclassification	0	0.0	0.0	0.0
F1-REF	4	2	sortmerna	0.76:0.8:1:0.9:1.0	Unassigned	k__Fungi;p__Basidiomycota;c__Agaricomycetes;o__Russulales;f__Russulales_fam_Incertae_sedis	underclassification	0	0.0	0.0	0.0
F1-REF	4	2	sortmerna	0.76:0.8:1:0.9:1.0	k__Fungi;p__Basidiomycota;c__Tremellomycetes;o__Tremellales;f__Tremellales_fam_Incertae_sedis;g__Dioszegia;s__Dioszegia_takashimae	k__Fungi;p__Basidiomycota;c__Tremellomycetes;o__Filobasidiales;f__Filobasidiaceae	misclassification	3	0.0	0.0	0.0
F1-REF	4	2	sortmerna	0.76:0.8:1:0.9:1.0	k__Fungi;p__Ascomycota;c__Eurotiomycetes;o__Chaetothyriales;f__Herpotrichiellaceae;g__Cladophialophora;s__Cladophialophora_sp	k__Fungi;p__Ascomycota;c__Eurotiomycetes;o__Chaetothyriales;f__Chaetothyriaceae	overclassification	4	0.0	0.0	0.0
F1-REF	4	2	sortmerna	0.76:0.8:1:0.9:1.0	k__Fungi;p__Basidiomycota;c__Agaricomycetes;o__Russulales;f__Albatrellaceae;g__Leucogaster;s__Leucogaster_citrinus	k__Fungi;p__Basidiomycota;c__Agaricomycetes;o__Russulales;f__Echinodontiaceae	overclassification	4	0.0	0.0	0.0
F1-REF	4	2	sortmerna	0.76:0.8:1:0.9:1.0	k__Fungi;p__Ascomycota;c__Eurotiomycetes;o__Chaetothyriales;f__Herpotrichiellaceae;g__Cladophialophora;s__Cladophialophora_sp	k__Fungi;p__Ascomycota;c__Sordariomycetes;o__Sordariales;f__Sordariales_fam_Incertae_sedis	misclassification	2	0.0	0.0	0.0
F1-REF	4	2	sortmerna	0.76:0.8:1:0.9:1.0	k__Fungi;p__Ascomycota;c__Eurotiomycetes;o__Eurotiales;f__Trichocomaceae;g__Penicillium;s__Penicillium_verhagenii	k__Fungi;p__Ascomycota;c__Pezizomycetes;o__Pezizales;f__Rhizinaceae	misclassification	2	0.0	0.0	0.0
F1-REF	4	2	sortmerna	0.76:0.8:1:0.9:1.0	Unassigned	k__Fungi;p__Basidiomycota;c__Agaricostilbomycetes;o__Agaricostilbales;f__Chionosphaeraceae	underclassification	0	0.0	0.0	0.0
F1-REF	4	2	sortmerna	0.76:0.8:1:0.9:1.0	k__Fungi;p__Ascomycota;c__Dothideomycetes;o__Pleosporales;f__Leptosphaeriaceae;g__Leptosphaeria;s__Leptosphaeria_sp	k__Fungi;p__Ascomycota;c__Dothideomycetes;o__Pleosporales;f__Cucurbitariaceae	overclassification	4	0.0	0.0	0.0
F1-REF	4	2	sortmerna	0.76:0.8:1:0.9:1.0	k__Fungi;p__Glomeromycota;c__Glomeromycetes;o__Archaeosporales;f__Ambisporaceae;g__Ambispora;s__Ambispora_sp	k__Fungi;p__Ascomycota;c__Dothideomycetes;o__Pleosporales;f__Lentitheciaceae	misclassification	1	0.0	0.0	0.0
F1-REF	4	2	sortmerna	0.76:0.8:1:0.9:1.0	k__Fungi;p__Ascomycota;c__Sordariomycetes;o__Xylariales;f__Xylariaceae;g__Hypoxylon;s__Hypoxylon_lateripigmentum	k__Fungi;p__Ascomycota;c__Pezizomycetes;o__Pezizales;f__Pezizales_fam_Incertae_sedis	misclassification	2	0.0	0.0	0.0
F1-REF	4	2	sortmerna	0.76:0.8:1:0.9:1.0	k__Fungi;p__Ascomycota;c__Sordariomycetes;o__Hypocreales;f__Bionectriaceae;g__Clonostachys;s__Clonostachys_sp	k__Fungi;p__Ascomycota;c__Sordariomycetes;o__Diaporthales;f__Valsaceae	misclassification	3	0.0	0.0	0.0
F1-REF	4	2	sortmerna	0.76:0.8:1:0.9:1.0	k__Fungi;p__Glomeromycota;c__Glomeromycetes;o__Paraglomerales;f__Paraglomeraceae;g__Paraglomus;s__Paraglomus_sp	k__Fungi;p__Zygomycota;c__Mucoromycotina_cls_Incertae_sedis;o__Mucorales;f__Mycotyphaceae	misclassification	1	0.0	0.0	0.0
F1-REF	4	2	sortmerna	0.76:0.8:1:0.9:1.0	k__Fungi;p__Basidiomycota;c__Tremellomycetes;o__Cystofilobasidiales;f__Cystofilobasidiaceae;g__Mrakia;s__Mrakia_frigida	k__Fungi;p__Basidiomycota;c__Tremellomycetes;o__Cystofilobasidiales;f__Cystofilobasidiales_fam_Incertae_sedis	overclassification	4	0.0	0.0	0.0
F1-REF	4	2	sortmerna	0.76:0.8:1:0.9:1.0	Unassigned	k__Fungi;p__Basidiomycota;c__Agaricomycetes;o__Boletales;f__Hygrophoropsidaceae	underclassification	0	0.0	0.0	0.0
F1-REF	4	2	sortmerna	0.76:0.8:1:0.9:1.0	k__Fungi;p__Ascomycota;c__Lecanoromycetes;o__Peltigerales;f__Lobariaceae;g__Pseudocyphellaria;s__Pseudocyphellaria_macroisidiata	k__Fungi;p__Ascomycota;c__Lecanoromycetes;o__Lecanorales;f__Mycoblastaceae	misclassification	3	0.0	0.0	0.0
F1-REF	4	2	sortmerna	0.76:0.8:1:0.9:1.0	k__Fungi;p__Glomeromycota;c__Glomeromycetes;o__Diversisporales;f__Gigasporaceae;g__Cetraspora;s__Cetraspora_sp	k__Fungi;p__Glomeromycota;c__Glomeromycetes;o__Diversisporales;f__Pacisporaceae	overclassification	4	0.0	0.0	0.0
F1-REF	4	2	sortmerna	0.76:0.8:1:0.9:1.0	Unassigned	k__Fungi;p__Basidiomycota;c__Agaricomycetes;o__Russulales;f__Stereaceae	underclassification	0	0.0	0.0	0.0
F1-REF	4	2	sortmerna	0.76:0.8:1:0.9:1.0	k__Fungi;p__Zygomycota;c__Mortierellomycotina_cls_Incertae_sedis;o__Mortierellales;f__Mortierellaceae;g__Mortierella;s__Mortierella_exigua	k__Fungi;p__Chytridiomycota;c__Chytridiomycetes;o__Rhizophydiales;f__Terramycetaceae	misclassification	1	0.0	0.0	0.0
F1-REF	4	2	sortmerna	0.76:0.8:1:0.9:1.0	k__Fungi;p__Ascomycota;c__Lecanoromycetes;o__Pertusariales;f__Megasporaceae;g__Aspicilia;s__Aspicilia_cinerea	k__Fungi;p__Ascomycota;c__Lecanoromycetes;o__Pertusariales;f__Pertusariaceae	overclassification	4	0.0	0.0	0.0
F1-REF	4	2	sortmerna	0.76:0.8:1:0.9:1.0	k__Fungi;p__Basidiomycota;c__Cystobasidiomycetes;o__Cystobasidiomycetes_ord_Incertae_sedis;f__Cystobasidiomycetes_fam_Incertae_sedis;g__Sakaguchia;s__Sakaguchia_lamellibrachiae	k__Fungi;p__Basidiomycota;c__Cystobasidiomycetes;o__Cystobasidiomycetes_ord_Incertae_sedis;f__Microsporomycetaceae	overclassification	4	0.0	0.0	0.0
F1-REF	4	2	sortmerna	0.76:0.8:1:0.9:1.0	k__Fungi;p__Ascomycota;c__Dothideomycetes;o__Capnodiales;f__Mycosphaerellaceae;g__Mycosphaerella;s__Mycosphaerella_etlingerae	k__Fungi;p__Ascomycota;c__Dothideomycetes;o__Dothideales;f__Dothideales_fam_Incertae_sedis	misclassification	3	0.0	0.0	0.0
F1-REF	4	2	sortmerna	0.76:0.8:1:0.9:1.0	Unassigned	k__Fungi;p__Ascomycota;c__Sordariomycetes;o__Phyllachorales;f__Phaeochoraceae	underclassification	0	0.0	0.0	0.0
F1-REF	4	2	sortmerna	0.76:0.8:1:0.9:1.0	k__Fungi;p__Ascomycota;c__Leotiomycetes;o__Helotiales;f__Rutstroemiaceae;g__Moellerodiscus;s__Moellerodiscus_advenulus	k__Fungi;p__Ascomycota;c__Lecanoromycetes;o__Ostropales;f__Odontotremataceae	misclassification	2	0.0	0.0	0.0
F1-REF	4	2	sortmerna	0.76:0.8:1:0.9:1.0	Unassigned	k__Fungi;p__Ascomycota;c__Dothideomycetes;o__Dothideomycetidae_ord_Incertae_sedis;f__Eremomycetaceae	underclassification	0	0.0	0.0	0.0
F1-REF	4	2	sortmerna	0.76:0.8:1:0.9:1.0	Unassigned	k__Fungi;p__Basidiomycota;c__Agaricomycetes;o__Russulales;f__Stephanosporaceae	underclassification	0	0.0	0.0	0.0
F1-REF	4	2	sortmerna	0.76:0.8:1:0.9:1.0	k__Fungi;p__Ascomycota;c__Lecanoromycetes;o__Lecanorales;f__Parmeliaceae;g__Cetreliopsis;s__Cetreliopsis_asahinae	k__Fungi;p__Ascomycota;c__Lecanoromycetes;o__Lecanorales;f__Haematommataceae	overclassification	4	0.0	0.0	0.0
F1-REF	4	2	sortmerna	0.76:0.8:1:0.9:1.0	k__Fungi;p__Glomeromycota;c__Glomeromycetes;o__Glomerales;f__Claroideoglomeraceae;g__Claroideoglomus;s__Claroideoglomus_sp	k__Fungi;p__Chytridiomycota;c__Chytridiomycetes;o__Chytridiales;f__Chytriomycetaceae	misclassification	1	0.0	0.0	0.0
F1-REF	4	2	sortmerna	0.76:0.8:1:0.9:1.0	k__Fungi;p__Ascomycota;c__Dothideomycetes;o__Pleosporales;f__Leptosphaeriaceae;g__Coniothyrium;s__Coniothyrium_sp	k__Fungi;p__Ascomycota;c__Dothideomycetes;o__Pleosporales;f__Pleomassariaceae	overclassification	4	0.0	0.0	0.0
F1-REF	4	2	sortmerna	0.76:0.8:1:0.9:1.0	Unassigned	k__Fungi;p__Ascomycota;c__Lecanoromycetes;o__Lecideales;f__Porpidiaceae	underclassification	0	0.0	0.0	0.0
F1-REF	4	2	sortmerna	0.76:0.8:1:0.9:1.0	k__Fungi;p__Ascomycota;c__Orbiliomycetes;o__Orbiliales;f__Orbiliaceae;g__Orbilia;s__Orbilia_epipora	k__Fungi;p__Zygomycota;c__Mucoromycotina_cls_Incertae_sedis;o__Mucorales;f__Phycomycetaceae	misclassification	1	0.0	0.0	0.0
F1-REF	4	2	sortmerna	0.76:0.8:1:0.9:1.0	k__Fungi;p__Basidiomycota;c__Pucciniomycetes;o__Pucciniales;f__Pucciniaceae;g__Puccinia;s__Puccinia_graminis	k__Fungi;p__Basidiomycota;c__Pucciniomycetes;o__Pucciniales;f__Pileolariaceae	overclassification	4	0.0	0.0	0.0
F1-REF	4	2	sortmerna	0.76:0.8:1:0.9:1.0	Unassigned	k__Fungi;p__Basidiomycota;c__Ustilaginomycetes;o__Ustilaginales;f__Anthracoideaceae	underclassification	0	0.0	0.0	0.0
F1-REF	4	2	sortmerna	0.76:0.8:1:0.9:1.0	Unassigned	k__Fungi;p__Basidiomycota;c__Tremellomycetes;o__Tremellales;f__Sirobasidiaceae	underclassification	0	0.0	0.0	0.0
F1-REF	4	2	sortmerna	0.76:0.8:1:0.9:1.0	k__Fungi;p__Basidiomycota;c__Agaricomycetes;o__Hymenochaetales;f__Schizoporaceae;g__Xylodon;s__Xylodon_rimosissimus	k__Fungi;p__Basidiomycota;c__Ustilaginomycetes;o__Urocystidales;f__Fereydouniaceae	misclassification	2	0.0	0.0	0.0
F1-REF	4	2	sortmerna	0.76:0.8:1:0.9:1.0	k__Fungi;p__Ascomycota;c__Eurotiomycetes;o__Verrucariales;f__Verrucariaceae;g__Hydropunctaria;s__Hydropunctaria_orae	k__Fungi;p__Ascomycota;c__Lecanoromycetes;o__Ostropales;f__Porinaceae	misclassification	2	0.0	0.0	0.0
F1-REF	4	2	sortmerna	0.76:0.8:1:0.9:1.0	Unassigned	k__Fungi;p__Ascomycota;c__Dothideomycetes;o__Hysteriales;f__Hysteriaceae	underclassification	0	0.0	0.0	0.0
F1-REF	4	2	sortmerna	0.76:0.8:1:0.9:1.0	Unassigned	k__Fungi;p__Ascomycota;c__Saccharomycetes;o__Saccharomycetales;f__Phaffomycetaceae	underclassification	0	0.0	0.0	0.0